use tienda_bicicleta;

insert into persona values(48569123,'Monica','ceballos','garcia','12345');
insert into persona values(78451236,'Lorenzo','Mendez','Morales','779933');
insert into persona values(74165263,'Mathias','Fernandez','Mentss','115522');
insert into persona values(15213649,'Leandro','Caballero','Fuji','223355');
insert into persona values(44875123,'Javier','Quispe','Loayza','445566');
insert into persona values(14559866,'Luis','Cardinales','Gomez','9988777');
insert into persona values(77844511,'Christian','Perdavae','Tito','445566');
insert into persona values(32569841,'Manuel','Canisales','Guevara','112233');
insert into persona values(88455211,'Samuel','Taya','Yana','664455');
insert into persona values(77884455,'Pablo','Benavidez','Polanco','998855');
insert into persona values(44568596,'Federico','Tejada','Dorimc','110055');
insert into persona values(48411521,'Benito','Bonifacio','Terminales','331144');
insert into persona values(86325147,'Cesar','Wingston','Perez','221133');
insert into persona values(14523269,'Pedro','Lozano','Farro','774411');
insert into persona values(65984234,'Jaime','Castillo','Tejada','995511');
insert into persona values(55498632,'Jessica','Fernadez','Mertecin','775533');
insert into persona values(48740548,'Fernanda','Kosth','Ranit','228899');
insert into persona values(15440548,'Valentina','Poma','Cayhuasi','113344');
insert into persona values(22465591,'Tobias','Mertens','Jolden','009988');
insert into persona values(48745146,'Angelo','Sante','Limache','660055');



insert into persona_correo_electronico values(48569123,'monic@gmail.com');
insert into persona_correo_electronico values(78451236,'mapuchin@gmail.com');
insert into persona_correo_electronico values(74165263,'mathi223@gmail.com');
insert into persona_correo_electronico values(15213649,'leand345@gmail.com');
insert into persona_correo_electronico values(44875123,'javi40@gmail.com');
insert into persona_correo_electronico values(14559866,'luchito22@gmail.com');
insert into persona_correo_electronico values(77844511,'cristi55@gmail.com');
insert into persona_correo_electronico values(32569841,'manuelas23@gmail.com');
insert into persona_correo_electronico values(88455211,'samu_99_1@gmail.com');
insert into persona_correo_electronico values(77884455,'pabli42@gmail.com');
insert into persona_correo_electronico values(44568596,'feder92@gmail.com');
insert into persona_correo_electronico values(48411521,'benit_9@gmail.com');
insert into persona_correo_electronico values(86325147,'cesaro_13@gmail.com');
insert into persona_correo_electronico values(14523269,'pedri10@gmail.com');
insert into persona_correo_electronico values(65984234,'jaimito69@gmail.com');
insert into persona_correo_electronico values(55498632,'jesic56@gmail.com');
insert into persona_correo_electronico values(48740548,'ferchi_12@gmail.com');
insert into persona_correo_electronico values(15440548,'valen33@gmail.com');
insert into persona_correo_electronico values(22465591,'tobi90@gmail.com');
insert into persona_correo_electronico values(48745146,'angelito33@gmail.com');


insert into administrador values(48569123,15497);
insert into administrador values(48740548,784542);
insert into administrador values(48745146,985123);
insert into administrador values(14523269,784512);
insert into administrador values(77844511,9955200);

insert into usuario values (22465591,100500);
insert into usuario values (15440548,215364);
insert into usuario values (48740548,995612);
insert into usuario values (74165263,784512);
insert into usuario values (14523269,333211);
insert into usuario values (88455211,665551);
insert into usuario values (32569841,112000);
insert into usuario values (55498632,784512);
insert into usuario values (14559866,889944);
insert into usuario values (65984234,321654);







